sentiment;id;title;score;external_url;author;submitted_time
positive;c7s6y6;Burberry makes an unexpected commitment to environmental sustainability;298;https://therising.co/2019/07/01/burberry-announces-environmental-sustainability-commitments/;bsl12;1561985499
neutral;lrqx99;A Dubai businessman is pledging to buy 100,000 Bitcoin worth up to $4.8 billion as part of a new company strategy. It’s the largest investment of its kind in the worlds history. He planning to buy up to $17 billion worth of Bitcoin in the future.;9;https://www.dubailad.com/dubai-businessman-plans-biggest-bitcoin-investment-in-history/;_Skimzy;1614211084
positive;rdmqre;Meet the Kidd Who Goes Toe to Toe With Warren Buffett;1;https://www.wsj.com/amp/articles/wilmot-kidd-central-securities-goes-toe-to-toe-with-warren-buffett-11639153164;pbyte;2021-12-11
neutral;c228qx;World’s Top Bicycle Maker Says the Era of ‘Made in China’ Is Over;135;"https://www.bloomberg.com/amp/news/articles/2019-06-17/world-s-top-bicycle-maker-says-era-of-made-in-china-is-over#referrer=https%3A%2F%2Fwww.google.com&amp;amp_tf=From%20%251%24s";desertfoxz;1560864416
negative;nzyfr2;Many Politicians Claim That Increased Spending Sparks Economic Growth. Here's Why That's Misleading.;12;https://reason.com/2021/06/10/politicians-claim-increased-spending-sparks-economic-growth-heres-why-thats-misleading/;Dumbass1171;1623708567
neutral;rbogea;Wells Fargo Starts Coverage of Four Cannabis Stocks As Legalization Battle Gains;53;https://www.thestreet.com/investing/wells-fargo-starts-coverage-of-four-cannabis-stocks-as-legalization-battle-gains;Defiant_Race_7544;1638959500
negative;cgd6fd;"After Peter Thiel's accusations about Google and China, when asked he said he was only ""asking questions"". Mr. Thiel, are you shorting Google?";169;https://www.axios.com/peter-thiel-google-china-trump-palantir-a97c5457-b807-4bae-a12e-8288be37feb4.html;pppmbs;1563801940
negative;qad7d7;China GDP disappoints, third-quarter growth slows to 4.9%;1;https://www.cnbc.com/2021/10/18/china-economy-third-quarter-gdp-data-grows-4point9percent-missing-expectations.html;tigeryi;2021-10-18
negative;doppto;$249 For Apple AirPods Pro… Seriously?;12;https://medium.com/the-green-light/249-for-apple-airpods-pro-seriously-cb813afc11aa;BlockchainBrigade;1572355261
positive;avzgzf;US economy grew at a solid pace in the fourth quarter;117;https://www.cnn.com/2019/02/28/economy/gdp-q4/index.html;cryosis856;1551407804
neutral;cdvbxc;Joel Greenblatt - Keynote Presentation at Ben Graham VI Conference;37;http://cfany.gallery.video/fullconference/detail/video/6053271135001/joel-greenblatt---keynote-presentation:-ben-graham-vi;Beren-;1563273530
negative;bwc9pu;World of Negative Debt Now Tops One-Fifth of the Global Market;11;https://www.bloomberg.com/news/articles/2019-06-03/world-of-negative-debt-now-tops-one-fifth-of-the-global-market;chocolateXXchurro;1559577374
negative;cybbzh;How a Trump Tax Break to Help Poor Communities Became a Windfall for the Rich;3;https://www.nytimes.com/2019/08/31/business/tax-opportunity-zones.html;Dezusx;1567351841
negative;doj28d;Does a high marginal tax rate stunt the growth of an economy? Billionaire Michael Dell (Dell Computers) gets schooled by MIT professor Erik Brynjolfsson;43;https://www.boreme.com/posting.php?id=51678;Alexander_Benalla;1572313267
negative;q8n3mc;Over 4 Million Workers Quit in August, the 5th Month of Record Exits;1;https://www.businessinsider.com/over-4-million-workers-quit-record-labor-shortage-great-resignation-2021-10;ytk;2021-10-15
negative;tb4rka;Wealthy Russians flock to Dubai as west tightens sanctions;1;https://www.ft.com/content/d6d3b45a-35cc-4e32-b864-b9c0b1649a79;newzee1;2022-03-10
negative;pds14l;Jeff Bezos’ NASA Lawsuit Is So Huge It’s Crashing the DOJ Computer System;1;https://futurism.com/the-byte/bezos-nasa-lawsuit-crashing-computer;honeybadgerbillie;2021-08-29
negative;ouwpu6;China tech stocks set for worst month since global financial crisis;1;https://www.ft.com/content/e7c10981-bf06-4255-82cd-01cd1abea7ed;Terrapins1990;2021-07-30
neutral;buuynt;U.S. Economy Is Booming and So Is Financial Stress;11;https://www.bloomberg.com/opinion/articles/2019-05-30/u-s-economy-is-booming-and-so-is-financial-stress;viva_la_vinyl;1559232348
negative;d8jrhr;50% of All Bitcoins Are Subjected to Wash Trading;65;https://cryptopotatos.com/50-of-all-bitcoin-is-subjected-to-wash-trading;Bobsandob97;1569309940
negative;l8p2bx;Toys R Us retrenches again, shutters its last 2 US stores;23;https://thegrio.com/2021/01/30/toys-r-us-closes/;kuze00;1612023648
neutral;b7agyd;Russia Is Stocking Up on Gold as Putin Ditches U.S. Dollars;424;https://www.bloomberg.com/news/articles/2019-03-29/russia-is-stocking-up-on-gold-as-putin-ditches-u-s-dollars;xcsler_returns;1553947145
negative;ax2vky;WeWork confirms it has laid off 300 employees;87;https://techcrunch.com/2019/03/01/wework-confirms-it-has-let-go-of-300-employees/;thinkB4WeSpeak;1551673412
negative;sq0kju;Apple Just Quietly Introduced a Feature to Your iPhone That Is Going to Upend This $1.7 Trillion Industry;1;"https://www.msn.com/en-us/money/smallbusiness/apple-just-quietly-introduced-a-feature-to-your-iphone-that-is-going-to-upend-this-1-7-trillion-industry/ar-AATJckJ?cvid=7f0b2eea8382482ce0a6223c7633f076&amp;ocid=winp1taskbar";NeitherDark7;2022-02-11
neutral;qc8irk;PayPal in $45 bln bid for Pinterest - sources;1;https://www.reuters.com/technology/paypal-looking-buy-digital-pinboard-site-pinterest-bloomberg-news-2021-10-20/;Renxer0002;2021-10-20
neutral;quqpdn;U.S. Chamber of Commerce says businesses should implement vaccine mandate until it is ‘shut down’;1;https://www.cnbc.com/2021/11/15/biden-vaccine-mandate-chamber-of-commerce-tells-businesses-to-implement.html;Galeander;2021-11-15
positive;o552r3;USA might offer tax credits to solar manufacturing companies - Solar Panels - 11¢/watt of the solar panel, Solar Cells -4¢/watt of the solar cell, Solar Wafers -$12 per square meter, and Polysilicon at - $3 per kg;2;https://pv-magazine-usa.com/2021/06/21/sen-ossoff-introduces-solar-manufacturing-tax-credit/;thispickleisntgreen;1624308323
negative;hnlgll;Dividend payments plunge by $42.5 billion in worst quarter for income investors since financial crisis;2;https://www.cnbc.com/2020/07/08/dividend-payments-plunge-by-42point5-billion-in-worst-quarter-since-financial-crisis.html;DoremusJessup;1594229741
neutral;bbazey;A ‘wealth tax’ presents a revenue estimation puzzle - Larry Summers for The Washington Post;13;https://www.washingtonpost.com/opinions/2019/04/04/wealth-tax-presents-revenue-estimation-puzzle/;Crayons_and_Cocaine;1554832089
negative;ccdwge;Mark Cuban: Libra Cryptocurrency Is A ‘Big Mistake’;2;https://www.pymnts.com/cryptocurrency/2019/mark-cuban-libra-big-mistake/;blynn8;1562952669
positive;fh249u;Can $500 a Month Change Your Life? - A California-based experiment in universal basic income considers the mundane, and potentially transformative, power of a little extra cash.;2;https://newrepublic.com/article/156584/can-500-month-change-life;speckz;1583952474
positive;cbdjra;U.S. to approve Huawei sales where there is no threat to national security;28;https://venturebeat.com/2019/07/09/u-s-to-approve-huawei-sales-where-there-is-no-threat-to-national-security/;behindthedash;1562743149
negative;lh0hs1;Biden imposes sanctions on Myanmar military leaders who directed coup;19;https://www.cnbc.com/2021/02/10/biden-announces-sanctions-on-myanmar-military-for-coup.html;pipsdontsqueak;1612982582
neutral;o0cahv;America and Europe will create a joint tech council to craft new rules on trade;563;https://www.cnbc.com/2021/06/15/america-and-eu-will-join-forces-to-craft-new-rules-on-trade-and-tech.html?__source=iosappshare%7Ccom.apple.UIKit.activity.CopyToPasteboard;NineteenEighty9;1623757094
positive;c6n6rn;EU and Mercosur group agree draft free-trade deal;14;https://www.rte.ie/news/world/2019/0628/1059096-mercosur/;malicious_turtle;1561743779
negative;ce01wi;About half of China's loans to developing countries are 'hidden,' study finds;128;https://www.cnbc.com/2019/07/12/chinas-lending-to-other-countries-jumps-causing-hidden-debt.html;anitachance;1563297672
positive;srhv2b;Benefits of clean energy tax credits far outweigh costs, new analysis finds;1;https://news.uchicago.edu/story/benefits-clean-energy-tax-credits-far-outweigh-costs-new-analysis-finds;dreaded_python;2022-02-13
negative;b5ab4s;Tesla analyst cuts Model 3 forecast, now sees bear market in stock ahead;51;https://www.cnbc.com/2019/03/25/rbc-cuts-tesla-price-target-model-3-deliveries.html;prodigies2016;1553518319
neutral;bn4uh5;Cal Poly faculty vote to remove Chick-fil-A from campus;3;https://www.kcbx.org/post/cal-poly-faculty-vote-remove-chick-fil-campus;thinkB4WeSpeak;1557527915
neutral;oou1nh;Inside the Fight Over Surfside Condo Collapse Site’s Future;1;https://therealdeal.com/miami/?p=741836;obsd92107;2021-07-21
negative;bxf134;US-China trade war to cost $455bn in lost output, says IMF;141;https://www.theguardian.com/business/2019/jun/05/us-china-trade-war-to-cost-455bn-in-lost-output-says-imf;viva_la_vinyl;1559816025
negative;bhrcck;The big mystery in the GDP report — where did the inventories come from?;20;https://www.marketwatch.com/story/the-big-mystery-in-the-gdp-report-where-did-the-inventories-come-from-2019-04-26?mod=mw_theo_homepage;Stackfault67;1556312145
neutral;lwv0td;Can anybody tell me the most relevant concept under Microeconomics that relates to this article on subsidies?;9;https://www.thehindu.com/business/budget/union-budget-2021-food-subsidy-budget-set-at-almost-243-lakh-crore/article33719802.ece;Exhibit_A_reddit;1614781360
negative;bkwpx6;"NPR episode on sexism on EconJobRumors. Featuring clueless mansplaining (""you're not smart enough to understand why that paper is invalid')";2;https://www.npr.org/2019/05/03/720139562/episode-910-economics-sexism-data;davidzet;1557055827
neutral;rc2fgn;Tilray CEO says there's a potential to grow the business by infusing whiskey with cannabis;5;https://www.cnbc.com/video/2021/12/08/tilray-ceo-says-theres-a-potential-to-grow-the-business-by-infusing-whiskey-with-cannabis.html;Defiant_Race_7544;1639001681
negative;r5ox0a;After reducing headcount by thousands during the depths of the pandemic, the airlines industry is grappling with shortages, and are now offering premium pay to hefty signing bonuses. This despite an infusion of $54 billion in federal aid to help cover payroll expenses last year - Reuters;1;https://outline.com/rkuBpm;ombx;2021-11-30
negative;tbiten;Didi to halt Hong Kong listing plans according to Bloomberg News;1;https://www.reuters.com/markets/asia/didi-halt-hong-kong-listing-plans-bloomberg-news-2022-03-11/;Motor-Ad-8858;2022-03-11
neutral;bnd6t1;U.S. regulators approve new Silicon Valley stock exchange;136;https://www.reuters.com/article/us-usa-sec-siliconvalley/u-s-regulators-approve-new-silicon-valley-stock-exchange-idUSKCN1SG21K;speckz;1557588081
positive;dfxynk;Rwanda just released the first smartphone made entirely in Africa;615;https://www.fastcompany.com/90414915/rwandas-mara-x-z-are-1st-smartphones-made-fully-in-africa;El_Seven;1570713853
negative;ckr136;No-deal Brexit could push pound to record low, Bank of England warns: as it happened;6;https://www.telegraph.co.uk/business/2019/08/01/markets-latest-news-pound-euro-ftse-100pound-hits-31-month-low/?fbclid=IwAR3eYXQfPpN_GLWyjtOzoKJpsPeZeAuhLYOy6fVkx6or5obKV5tsuRBv4Oo;mberre;1564678622
neutral;pwnt3j;Rolls-Royce sells Spanish unit for €1.7bn as it repairs finances;1;https://www.theguardian.com/business/2021/sep/27/rolls-royce-sells-spanish-unit-as-it-repairs-finances;WannoHacker;2021-09-27
neutral;p9y404;Popular café called 'Nice Baps' turns down £750,000 buyout bid from Costa Coffee;1;https://www.mirror.co.uk/news/uk-news/popular-caf-called-nice-baps-24815551;WannoHacker;2021-08-23
neutral;qr0nla;Bezos-backed Rivian revs up for $65bn valuation in IPO;1;https://www.theguardian.com/business/2021/nov/10/bezos-rivian-valuation-ipo-electric-carmaker-new-york-stock-market-float;WannoHacker;2021-11-10
negative;bjksch;The death of the American middle class and rising costs have forced fast-food chains like McDonald's and Taco Bell to try new strategies in their quest to win over budget shoppers;73;https://www.businessinsider.com/mcdonalds-taco-bell-change-deals-strategy-2019-5;speckz;1556736030
negative;g69emi;Spain to EU: Forcing debt on members will deepen crisis -- Foreign minister urges bloc to give grants rather than loans to combat impact of coronavirus.;3;https://www.politico.com/news/2020/04/22/spain-to-eu-forcing-debt-on-members-will-deepen-crisis-201475;Admiral_Red_Wings;1587589486
neutral;sxkbwm;List of countries by wealth inequality: US beaten by Sweden, Russia, Netherlands for most unequal.;1;https://en.wikipedia.org/wiki/List_of_countries_by_wealth_inequality;thisispoopoopeepee;2022-02-21
neutral;bhdlas;The Berkshire Empire Is Quietly Collaborating More Than Ever;6;https://www.wsj.com/articles/the-berkshire-empire-is-quietly-collaborating-more-than-ever-11554370201;Mynameis__--__;1556224791
negative;h7g9n6;UK economy shrinks record 20.4% in April due to lockdown;88;https://www.bbc.com/news/business-53019360;daksabatubara178;1591947339
neutral;oxp8d0;Footwear company Wolverine Worldwide buys Lululemon competitor Sweaty Betty for $410 million;1;https://www.cnbc.com/amp/2021/08/03/footwear-company-wolverine-worldwide-buys-lululemon-competitor-sweaty-betty-for-410-million.html;WannoHacker;2021-08-04
negative;rdosrr;Covid-19: A new variant has the world on edge;1;https://economic-research.bnpparibas.com/pdf/en-US/Covid-19-variant-world-edge-12/6/2021,44796;Unl0ck3r;2021-12-11
negative;bl0bpj;Trump says tariffs on China will be increased to 25% as trade talks stall;13;https://www.axios.com/trump-china-tariffs-25-percent-8f9b80b6-9abf-44e8-91c8-14aeb5921c2c.html;mjk1093;1557076688
negative;bwld3c;What Friedman got wrong about the Great Depression cost us during the Great Recession;12;https://www.marketwatch.com/story/what-friedman-got-wrong-about-the-great-depression-cost-us-during-the-great-recession-2015-03-30;RichKatz;1559628529
negative;qevi8r;World Bank Warns Food, Gas Prices May Not Lower Before Mid-2022 Due to Rising Energy Costs;1;https://www.newsweek.com/world-bank-warns-food-gas-prices-may-not-lower-before-mid-2022-due-rising-energy-costs-1641407;henrirousseau;2021-10-24
negative;h127q6;US national debt reaches a record $26 trillion;47;"https://decrypt.co/31935/us-national-debt-26-trillion?utm_source=reddit&amp;utm_medium=social&amp;utm_campaign=sm";KeturahLongmore;1591891707
neutral;cd6kw6;This blockchain-based card game shows us the future of ownership [MIT Technology Review];69;https://www.technologyreview.com/s/613944/this-blockchain-based-card-game-shows-us-the-future-of-ownership/;till-mann;1563130002
neutral;doq84k;Analyst: Alphabet should spin off YouTube, would be worth $300 billion;68;https://www.cnbc.com/2019/10/29/analyst-alphabet-should-spin-off-youtube-would-be-worth-300-billion.html;protekt0r;1572357664
negative;q7pogc;Gobbling China’s exports, US sinks into dependency;1;https://asiatimes.com/2021/10/gobbling-chinas-exports-us-sinks-into-dependency/;zhumao;2021-10-14
neutral;p30vyd;Mexico Considers Using $12 Billion IMF Windfall to Pay Debt;1;https://www.bloomberg.com/news/articles/2021-08-11/mexico-considers-using-12-billion-imf-windfall-to-pay-back-debt;Lestrade1;2021-08-12
negative;c903xi;China says existing U.S. tariffs must be removed for a trade deal;13;https://www.reuters.com/article/us-usa-trade-china/china-says-existing-u-s-tariffs-must-be-removed-for-a-trade-deal-idUSKCN1TZ0JN;Wagamaga;1562228766
negative;borevx;US farmers who sell to China feel pain of Beijing’s tariffs;24;https://www.apnews.com/7d2c9d14c1de465c96384dda36b61514;RichKatz;1557883199
neutral;bfrmgf;Central Asia's largest off-the-grid solar project in Afghanistan.;407;https://infadium.blogspot.com/p/blog-page_14.html;bombvien;1555869677
neutral;c5h5tp;Why China fell out of love with New York property;2;https://www.ft.com/content/3c5d0292-8c50-11e9-a1c1-51bf8f989972?sharetype=blocked;PurpleCheesyTaco;1561503745
positive;t9qppv;Following social media pressure, McDonald's joins companies suspending business in Russia | CBC News;1;https://www.cbc.ca/news/business/mcdonalds-pepsi-boycott-russia-1.6376953;DrJGH;2022-03-08
negative;dcb2cq;Why It’s So Hard for Startups to Create Wealth in Europe;9;https://www.bloomberg.com/news/features/2019-10-02/why-it-s-so-hard-for-entrepreneurs-to-get-really-rich-in-europe;dtlv5813;1570027013
negative;o12ciz;DraftKings: A $21 Billion SPAC Betting It Can Hide Its Black Market Operations;73;https://hindenburgresearch.com/draftkings/;Erdos_0;1623841767
positive;di995a;Chipotle will offer to pay tuition fees for employees to get tech and business degrees;417;https://thehill.com/news-by-subject/labor/465840-chipotle-will-pay-its-employees-to-get-tech-and-business-degrees;protekt0r;1571152242
negative;qvo1nu;Boeing Built an Unsafe Plane, and Blamed the Pilots When It Crashed;1;"https://www.bloomberg.com/news/features/2021-11-16/are-boeing-planes-unsafe-pilots-blamed-for-corporate-errors-in-max-737-crash?srnd=businessweek-v2&amp;sref=RO0JQeZW";amnesiac7;2021-11-17
positive;p1500t;South Korea to release Samsung scion on parole;1;https://www.independent.co.uk/news/south-korea-to-release-samsung-scion-on-parole-samsung-south-korea-seoul-moon-jaein-park-geunhye-b1899381.html;WannoHacker;2021-08-09
negative;piziv7;Opinion: Social Security could be insolvent within 8 years;1;https://www.marketwatch.com/amp/story/social-security-could-be-insolvent-within-8-years-economist-warns-11629891784;Shark_Bones;2021-09-06
negative;tc0bur;"Americans will likely see ""uncomfortably high"" inflation this year, Treasury Secretary Janet Yellen says";1;"https://www.cbsnews.com/news/janet-yellen-uncomfortably-high-inflation/?utm_source=facebook&amp;utm_medium=news_tab";bobbyw24;2022-03-11
negative;colohk;Uber, losing billions, freezes engineering hires;41;https://arstechnica.com/cars/2019/08/uber-freezes-engineering-hires-amid-mounting-losses/;michapman2;1565461637
neutral;pdss0o;Why the Fed is about to stop the party on Wall Street (and what it means for you);1;https://www.cnn.com/2021/08/28/economy/fed-tapering-explained/index.html;honeybadgerbillie;2021-08-29
negative;qmmg7k;$14,000 fines for unvaccinated workers under Biden's new COVID rules;1;https://www.dailymail.co.uk/news/article-10164953/14-000-fines-unvaccinated-workers-Bidens-new-COVID-rules.html;avadhutsawant;2021-11-04
negative;o2k24q;Singapore slows the pace of reopening as Covid cases haven't declined significantly;44;https://www.cnbc.com/2021/06/18/covid-singapore-slows-pace-of-reopening-as-local-cases-stabilize.html;codievincent;1624004074
negative;q38rk1;German industry continues to suffer under supply chain frictions (ING);1;https://think.ing.com/snaps/german-industry-played-catch-up-in-august/;jacobhess13;2021-10-07
neutral;pwbdvv;Carlos Ghosn bets on China economy, calls on Japan to fix ‘outdated’ justice system;1;https://www.scmp.com/week-asia/economics/article/3150054/carlos-ghosn-bets-china-economy-calls-japan-fix-outdated;KiraTheMaster;2021-09-27
positive;d45a37;Huge space hotel promises fake gravity and 'supersized basketball';4;https://www.nbcnews.com/mach/science/huge-space-hotel-promises-fake-gravity-supersized-basketball-ncna1051596;michapman2;1568468271
neutral;b7qjuw;Lawsuit: IBM purged ‘gray hairs,' ‘old heads’ as it launched ‘Millennial Corps’;223;http://www.telegraphherald.com/news/business/article_b7670cf0-5911-5b70-8747-254da240863e.html;michapman2;1554054981
neutral;synbmt;Stocks making the biggest moves premarket: Home Depot, Macy's, Medtronic and others;1;https://www.cnbc.com/2022/02/22/stocks-making-the-biggest-moves-premarket-home-depot-macys-medtronic-and-others.html;codievincent;2022-02-22
negative;d6v2y9;Millennials with college education reported making $36,000 in 2018 vs. Baby Boomers at the same age who reported making $38,900 in 1982;169;https://www.cnbc.com/2019/09/19/how-much-millennials-earn-compared-to-their-parents.html;MarineKingPrime_;1568986853
negative;c58h4h;Have The Boomers Ruined Everything? Are mistakes of the past creating a crisis for younger Americans?;218;https://www.theatlantic.com/ideas/archive/2019/06/boomers-are-blame-aging-america/592336/;djwired;1561468878
negative;axj4rt;China warns of 'tough struggle' as it cuts growth target to lowest since 1990;15;https://www.theguardian.com/world/2019/mar/05/china-economy-target-cut-tough-struggle-ahead-li-keqiang;Clagcs116;1551776916
negative;lbbjm2;Onward and Upward: Annual US Home Price Appreciation in 2020 Outpaced 2019 Levels by 50%, CoreLogic Reports;3;"https://www.streetinsider.com/dr/news.php?id=17899517&amp;gfv=1";MandemDontHearMeTho;1612313853
neutral;r3zmo4;Indian Tells Starlink to Stop Selling Internet Without License;1;https://gizmodo.com/indian-government-tells-starlink-to-stop-selling-intern-1848128086;przemko2000;2021-11-28
positive;ccofv1;Impossible Foods CEO promises kids they can beat him up if they're still eating dead animals in 2035;827;https://www.sfgate.com/food/article/Impossible-Foods-CEO-Pat-Brown-kids-children-meat-14085981.php;lnfinity;1563018309
neutral;c2i2d8;China is lowering tariffs on other countries amid trade war with the US;100;https://www.cnbc.com/2019/06/19/china-lowers-trade-barriers-for-other-countries-amid-us-tensions.html;ihate420;1560956090
neutral;buku1l;The Bond Market is Giving Ominous Warnings about The Global Economy;65;"https://www.nytimes.com/2019/05/29/upshot/the-bond-market-is-giving-ominous-warnings-about-the-global-economy.html?action=click&amp;module=Top%20Stories&amp;pgtype=Homepage";mynameis_neo;1559167043
positive;ozex25;Banker behind report alleging HSBC racism resigns over lack of support;1;https://www.reuters.com/business/finance/exclusive-banker-behind-report-alleging-hsbc-racism-resigns-over-lack-support-2021-08-06/;varun1102030;2021-08-06
neutral;sq7whl;Why this 1990s McDonalds burger showed promise of being a wild success — but flopped |The McDonald's Arch Deluxe is one of the most infamous product failures in history;1;https://www.npr.org/2022/02/10/1079947555/why-this-1990s-mcdonalds-burger-showed-promise-of-being-a-wild-success-but-flopp;BlankVerse;2022-02-11
positive;p22ya7;Bill in Congress would guarantee $1,200 monthly checks for Americans;1;https://www.tomsguide.com/news/1200-monthly-checks-congress-bill;Baron-Munc;2021-08-11
neutral;biuxip;Horizon Kinetics Q1 2019 Letter;11;http://horizonkinetics.com/wp-content/uploads/Q1-2019-CVALUE-Review_FINAL.pdf;Beren-;1556572864
neutral;t3ldmb;Russia's ruble worth less than 1 cent after West tightens sanctions;1;https://www.cbsnews.com/news/russia-ukraine-ruble-sanctions/;CuratorEvan;2022-02-28
neutral;capc4o;$15 minimum wage would boost pay for 17 million but 1.3 million would lose their jobs, CBO says;159;https://www.cnbc.com/2019/07/08/cbo-estimates-effects-of-house-democrats-15-minimum-wage-plan.html;NineteenEighty9;1562612590
negative;awxdb3;What Killed the Middle Class?;7;https://www.oftwominds.com/blogmar19/middle-class3-19.html;lughnasadh;1551640623
negative;bh4yg1;"The UK Government caught recklessly spending again in times like Brexit, financing the UK space agency. Their goal was “to create hundreds of new regional jobs"" Instead they're giving away space-related contracts to non-UK entities.";23;https://zerohedge.news/uk-government-recklessly-spending;mlorenzana12;1556170208
negative;gkf3fo;'Are we crazy?' — Cramer says this is not the time to start a trade war with China;2;https://www.cnbc.com/2020/05/15/cramer-says-this-is-not-the-time-to-start-a-trade-war-with-china.html;uslvdslv;1589568843
negative;cn7lal;Why America will be the biggest loser in the trade war;12;https://www.marketwatch.com/story/why-america-will-be-the-biggest-loser-in-the-trade-war-2019-08-07;viva_la_vinyl;1565193369
neutral;lcafgb;Amazon: Five things we know about new boss Andy Jassy;23;https://www.bbc.com/news/business-55916254;WeesMichae;1612423938
negative;qmk661;China’s tech crackdown challenges Western notions;1;https://asiatimes.com/2021/11/chinas-tech-crackdown-challenges-western-notions/;zhumao;2021-11-04
neutral;b30s33;An analysis of CEOs and their emails;56;https://slab.com/blog/how-ceos-email/;pmp301;1553019130
negative;djkjgu;China's economic growth plunges to lowest level since 1992;34;https://www.cnn.com/2019/10/17/economy/china-gdp-economy-trade-war/index.html;ploflo;1571387486
negative;sv8hvj;Billionaire investor Stanley Druckenmiller dumped Facebook parent Meta before its one-day $230 billion wipeout — and took stakes in Snap and Chevron;1;https://markets.businessinsider.com/news/stocks/stanley-druckenmiller-facebook-meta-snap-chevron-13f-duquesne-office-holdings-2022-2?amp;idgafayaihm;2022-02-18
neutral;r4jr1u;U.S. stock futures, oil regain some ground after Omicron battering;1;https://www.reuters.com/markets/europe/global-markets-wrapup-2-pix-2021-11-29/;Renxer0002;2021-11-29
negative;at5lnb;Trouble Brewing in China’s Credit Markets as More Bond Defaults Come — good piece showing how ugly the upcoming Chinese credit market can get (Ex: 26 firms that defaulted in 2018 have 63 more bonds maturing this year..);10;https://speculatorsanonymous.com/articles/trouble-chinas-credit-markets/;Magicdonvito;1550769014
neutral;d2p0oj;Hong Kong exchange makes £29.6bn bid for London Stock Exchange;31;https://coinrivet.com/hong-kong-exchange-makes-29-6bn-bid-for-london-stock-exchange/;NightTrader0;1568203337
positive;peg7g1;"Jay-Z Invests In Vegan Cheese Company With Chris Paul; Helps Misha's Kind Foods Raise $3 Million";1;https://www.blackenterprise.com/jay-z-invests-in-vegan-cheese-company-with-chris-paul-helps-mishas-kind-foods-raise-3-million/;lnfinity;2021-08-30
positive;axgbpd;TikTok bans children from the popular lip-syncing app after $5.7 million fine - The app, formerly called Musical.ly, was hit with the largest fine ever under a privacy law meant to protect users under 13.;125;https://on.mktw.net/2UcxGLP;saddy451;1551755662
negative;rdcnug;Consumer prices rose at the fastest pace since 1982.;1;https://www.nytimes.com/live/2021/12/10/business/inflation-cpi-stock-market-news#cpi-inflation-november-2021;ocarr737;2021-12-10
negative;t67xnq;Russia's richest man, Alexei Mordashov, transferred control of a $1.1 billion stake in a mining company to his wife, filing shows;1;https://www.businessinsider.com/russian-billionaire-alexei-mordashov-shifts-stake-mining-company-wife-sanctions-2022-3;bumblezinnia;2022-03-04
negative;c1dt6j;America's CFOs are bracing for a 2020 recession;73;https://www.cnn.com/2019/06/12/economy/2020-recession-cfos-duke/index.html;Stormtrooper4u;1560713155
positive;qqd35l;Biden rolls out multibillion-dollar plan to upgrade aging U.S. ports after passage of infrastructure bill;1;https://www.cnbc.com/2021/11/09/supply-chain-fix-biden-administration-to-spend-more-than-4-billion-on-aging-us-ports.html;longtimeutdlurker;2021-11-09
positive;pgf8s5;Federal Jobless Aid, a Lifeline to Millions, Reaches an End;1;https://www.nytimes.com/2021/09/02/business/economy/federal-unemployment-benefit-cutoff.html;JustARandomPerson902;2021-09-02
negative;ayeuph;US households see biggest decline in net worth since the financial crisis;84;https://www.cnbc.com/2019/03/07/us-households-see-biggest-decline-in-net-worth-since-the-financial-crisis.html;pipsdontsqueak;1551978083
negative;do7xbn;Burned in 2008, Americans Are Refusing to Tap Their Home Equity;1398;https://www.bloomberg.com//news/articles/2019-10-28/burned-in-2008-americans-are-refusing-to-tap-their-home-equity?srnd=markets-vp;newnemo;1572264428
negative;q1w9d7;Tesla to pay $137m to former employee over racism at work;5;https://www.aljazeera.com/economy/2021/10/5/tesla-to-pay-137m-to-former-employee-on-racism-at-work;WannoHacker;1633440044
neutral;ra61d8;Big North Carolina factory likely to be Toyota battery plant | AP News;1;https://apnews.com/article/technology-business-north-carolina-greensboro-e65e2c9394d8e769bffa02e92edfdc87;Motor-Ad-8858;2021-12-06
neutral;patx0p;Study: Effects of the Student Loan Freeze;1;https://www.youneedabudget.com/study-effects-of-the-student-loan-freeze/;Frnklfrwsr;2021-08-24
positive;pnozwc;China Unveils New Rules Targeting Anticompetitive Practices by Internet Companies;1;https://www.wsj.com/articles/china-unveils-new-rules-targeting-anticompetitive-practices-by-internet-companies-11629199116;ishtar_the_move;2021-09-13
negative;rbbigq;American productivity fell by the largest amount since 1960;27;https://www.cnn.com/2021/12/07/economy/labor-productivity-third-quarter-revised/index.html;HRJafael;1638916662
negative;b4825j;A reliable signal of recessions flashes for first time since 2007;4;https://www.cbsnews.com/news/treasury-yield-curve-inversion-2019-for-first-time-since-great-recession/;TheCrunk1;1553276751
negative;at7cx8;Tesla shares fall after Consumer Reports says it will no longer recommend Model 3;15;https://www.cnbc.com/2019/02/21/tesla-tanks-subaru-soars-in-consumer-reports-new-reliability-survey.html;modigliani88;1550777676
neutral;bskidi;It’s Never Been Easier to Be a C.E.O., and the Pay Keeps Rising;8;https://www.nytimes.com/2019/05/24/business/highest-paid-ceos-2018.html;pipsdontsqueak;1558723011
negative;cq0gk6;Hong Kong's flight cancellations are a disaster for the economy - CNN;4;https://www.cnn.com/2019/08/12/business/hong-kong-business-airport-closure/index.html;dtlv5813;1565734948
positive;ta9s31;Nestle suspends capital investment in Russia;1;https://www.reuters.com/business/nestle-suspends-all-capital-investment-russia-2022-03-09/;WhiskeyGentleman;2022-03-09
neutral;tchydd;Russians liquidating Crypto in UAE in hunt for safe havens | Russia-Ukraine War News;1;https://www.aljazeera.com/news/2022/3/12/russians-liquidating-crypto-in-the-uae-as-they-seek-safe-havens;World-Tight;2022-03-12
negative;dlbk6h;China asks WTO for $2.4B in retaliatory sanctions against US;336;https://thehill.com/policy/international/china/466820-china-asks-wto-for-24b-in-retaliatory-sanctions-against-us;tocreatewebsite;1571712689
negative;sqxs2o;Marketplace suspends most NFT sales, citing 'rampant' fakes and plagiarism;1;https://www.reuters.com/business/finance/nft-marketplace-shuts-citing-rampant-fakes-plagiarism-problem-2022-02-11/;BlankVerse;2022-02-12
negative;d50pqx;Saudi officials consider delaying Aramco IPO after attacks;26;https://wetradehq.com/blog/Saudi-officials-consider-delaying-Aramco-IPO-after-attacks;st4yd0wn;1568640756
negative;nzww10;Inflation: largely transitory thus far, but other risk factors also present;28;https://www.uk.daiwacm.com/media/224345/14jun21uswkly.pdf;Unl0ck3r;1623704416
neutral;kshb7c;Elon Musk becomes world's richest person as wealth tops $185bn;2;https://www.bbc.com/news/technology-55578403;filosoful;1610038510
neutral;oory0y;What, Me Worry? Fed Chief's Emotional Tone Can Drive Markets, Study Suggests;1;https://money.usnews.com/investing/news/articles/2021-07-21/what-me-worry-fed-chiefs-emotional-tone-can-drive-markets-study-suggests;edwinksl;2021-07-21
negative;hdy80r;"AT&amp;T Has Now Eliminated 41,000 Jobs Since Its $42 Billion Trump Tax Cut";10;https://www.vice.com/en_us/article/qjdvex/atandt-lied-about-everything-it-promised-to-do-if-it-got-a-tax-cut;25russianbear25;1592851717
negative;okan7g;Why America's Labor-Shortage Will Drive Inflation Higher;1;https://www.oftwominds.com/blogjuly21/labor-shortage7-21.html;lughnasadh;2021-07-14
negative;bvfbqw;Trump Gives World’s Worst Economist the Presidential Medal of Freedom;7;https://slate.com/business/2019/05/trump-gives-art-laffer-the-worlds-worst-economist-the-presidential-medal-of-freedom.html;GodKnightMoon;1559351157
neutral;pjkdh2;London Metal Exchange’s historic “ring” reopens in the City;1;https://www.standard.co.uk/business/london-metal-exchange-historic-ring-reopens-return-to-offices-b953911.html;WannoHacker;2021-09-07
negative;c0pe7t;Business conditions are at their worst level since the 2008 financial crisis, says Morgan Stanley;314;https://www.marketwatch.com/story/business-conditions-are-at-their-worst-level-since-the-2008-financial-crisis-says-morgan-stanley-2019-06-14?mod=mw_theo_homepage;redeugene99;1560546915
positive;soug3v;The COMPETES Act: Finally, Robust Industrial Policy;1;https://thenordicmodel.substack.com/p/the-competes-act-finally-robust-industrial;lilbabygandhi;2022-02-10
neutral;b666y8;Bank of America's tech chief says there's nothing new about the Apple Card;36;https://www.cnbc.com/2019/03/27/bank-of-americas-tech-chief-says-nothing-new-about-the-apple-card.html;blueishbasil;1553703628
negative;bxuigc;Trade tensions and the risk of a recession lower corporate earnings forecasts;23;https://financeandmarkets.com/trade-tensions-and-the-risk-of-a-recession-lower-corporate-earnings-forecasts/;sigazcars;1559913477
neutral;b32orp;Investing in Europe's Japanification;5;https://www.wsj.com/articles/investing-in-europes-japanification-11552989721;tachyonburst;1553028580
negative;b9la4o;Japan's Nomura to cut $1 billion costs to revive wholesale business, shut branches;144;https://www.cnbc.com/2019/04/04/nomura-to-cut-1-billion-costs-to-revive-wholesale-business.html;Sirskywaves;1554428619
positive;ishck5;New US Fed Announcements Have Lowered Chances of Their Own Targets Being Hit;5;https://theeconoblog.com/index.php/2020/09/14/new-us-fed-announcements-have-lowered-chances-of-their-own-targets-being-hit/;Shaz8t7;1600073853
negative;td954k;Wells Fargo Rejected Half Its Black Applicants in Mortgage Refinancing Boom;1;https://www.bloomberg.com/graphics/2022-wells-fargo-black-home-loan-refinancing/;hhh888hhhh;2022-03-13
neutral;qcfv34;Gen Xers Get Final Shot At $1.01 Million Backdoor IRA Loophole;1;https://www.investors.com/etfs-and-funds/retirement/backdoor-roth-ira-use-it-before-it-disappears/;BikkaZz;2021-10-21
positive;owuvyg;New Data Analysis of U.S. ‘Oligopoly Problem’ Reaffirms Antitrust Push: UMD Economist;1;https://www.newswise.com/articles/new-data-analysis-of-u-s-oligopoly-problem-reaffirms-antitrust-push-umd-economist;thinkB4WeSpeak;2021-08-03
neutral;lb6p3q;Jeff Bezos to Step Down as Amazon CEO, Become Executive Chair;1659;https://www.bloomberg.com/news/articles/2021-02-02/jeff-bezos-to-step-down-as-amazon-ceo-become-executive-chair?sref=4FzXPuLD;whacim;1612300717
negative;tda2qb;Recession in the USA and EU with Ukraine Crisis;1;https://coinbynews.com/recession-usa-and-eu-ukraine-crisis;Reuea;2022-03-13
positive;hu1b7m;AOC’s Anti-Billionaire Crusaders Are Spreading in New York City;32;https://www.msn.com/en-us/money/markets/aocs-anti-billionaire-crusaders-are-spreading-in-new-york-city/ar-BB16U2IN;MustacheBattle;1595168740
negative;cz3l8u;Pension Funds Are Going To Be Destroyed In The Next Recession;39;https://www.cassandracapital.net/post/pension-funds-are-going-to-be-destroyed-in-the-next-recession;joshuafkon;1567510150
neutral;azmz5y;A Model of the Australian Housing Market;3;https://www.rba.gov.au/publications/rdp/2019/pdf/rdp2019-01.pdf;Central_Bank_Bot;1552266403
negative;bm0h0z;Trump’s steel tariffs cost U.S. consumers $900,000 for every job created, experts say;56;"https://www.washingtonpost.com/business/2019/05/07/trumps-steel-tariffs-cost-us-consumers-every-job-created-experts-say/?noredirect=on&amp;utm_term=.6c24c8c4b156";1000000students;1557286837
neutral;juo77q;Ant Group's IPO won't happen for at least six months after regulatory hurdles, China ETF issuer says;51;https://www.cnbc.com/2020/11/14/why-the-ant-group-ipo-wont-happen-for-at-least-six-months.html;GeeWhillickers;1605456445
neutral;dd8zb9;Why carbon taxes may need to be far higher than we’d planned;28;https://www.technologyreview.com/s/614461/why-carbon-taxes-may-need-to-be-far-higher-than-wed-planned/;Splenda;1570203291
negative;dawqhj;Trump vowed to eliminate the debt in 8 years. He’s on track to leave it at least 50 percent higher.;102;https://www.washingtonpost.com/business/2019/03/12/trump-vowed-eliminate-debt-years-hes-track-leave-it-least-percent-higher/?utm_term=.3a4122cf2c02;GeneralReposti_Bot;1569771492
positive;q9fo33;Microsoft has promised to actively look into right to repair;1;https://www.theverge.com/platform/amp/2021/10/7/22715241/microsoft-as-you-sow-right-to-repair-study-agreement;thebelsnickle1991;2021-10-16
negative;awj72a;Consumer spending in the United States shrank by 0.5% in December;424;https://financeandmarkets.com/consumer-spending-in-the-united-states-shrank-by-0-5-in-december/;sigazcars;1551542934
positive;osdvm2;Marlboro boss calls for a 2030 cigarette ban in some countries;1;https://www.wixoos.com/2021/07/marlboro-boss-cigarette-ban.html;WixOosproducts;2021-07-27
negative;dose1p;Biggest Private Coal Miner Goes Bust as Trump Rescue Fails;32;"https://www.bloomberg.com/news/articles/2019-10-29/biggest-private-coal-miner-goes-bust-after-trump-rescue-fails?cmpid=socialflow-twitter-business&amp;utm_campaign=socialflow-organic&amp;utm_source=twitter&amp;utm_content=business&amp;utm_medium=social";Farscape12Monkeys;1572367124
neutral;q4agsi;Same question, anything that you can offer helps!;1;/r/Entrepreneur/comments/q4ag20/hello_all_interested_in_starting_a_business_but/;AssEatingReindeer;2021-10-09
positive;axqt4q;Tax Reform Unleashed the U.S. Economy: The surge in private investment has brought big returns for households as well as the government.;14;https://www.wsj.com/articles/tax-reform-unleashed-the-u-s-economy-11551740837;NineteenEighty9;1551823062
negative;q1tq5q;Vietnam Plans to Cut U.S. Pork Tariffs as Trade Tensions Ease;25;https://www.bloomberg.com/news/articles/2021-10-05/vietnam-plans-to-cut-u-s-pork-tariffs-as-trade-tensions-ease?srnd=economics-vp;quixotic_cynic;1633430234
neutral;cihetj;The Federation of German Industries declared that there was “system competition” between Germany and China, in other words, that trade between the two countries had become a zero-sum battle;806;https://www.nytimes.com/2019/01/17/opinion/germanys-china-problem.html;Medium_Association;1564233561
neutral;kgdk1e;Tax Deduction for High-Income worth $200 billion put in Stimulus Negotiations;6;https://www.wsj.com/articles/ppp-borrowers-stand-to-gain-tax-deductions-11608373801;FarrisAT;1608403354
neutral;o1d719;Fox Entertainment, Bento Box Enter NFT Space, Launch $100 Million Creator Fund Through Newly Formed Blockchain Creative Labs;5;https://variety.com/2021/tv/news/fox-bento-box-nft-creator-fund-blockchain-creative-labs-1234997173/;Missnaser;1623871704
neutral;q6hjd3;Can China’s outsized real estate sector amplify a Delta-induced slowdown? by Kenneth Rogoff;1;https://voxeu.org/article/can-china-s-outsized-real-estate-sector-amplify-delta-induced-slowdown;LtCmdrData;2021-10-12
negative;dqj4dq;"People, metaphorically, ""shoot the messenger"" of bad news. They sometimes generate a dislike toward the bearer of bad news (laying-off, criticism, increasing work burden). But this dislike can be mitigated by using a technique called sandwiching and making intentions clear.";218;https://cognitiontoday.com/2019/10/the-bearer-of-bad-news-is-disliked-here-is-how-you-deliver-it/;coolestestboi;1572695493
positive;srpavx;Is the Great Stagnation Finally Coming to an End?;1;https://www.pairagraph.com/dialogue/9301beaf3a5b4a14868c682a36402474;SpringSprung33;2022-02-13
negative;gv9hq6;Bruegel: The Independence of the Central Bank at Risk;2;https://www.bruegel.org/2020/06/the-independence-of-the-central-bank-at-risk/;mberre;1591112184
neutral;bt81v8;4 simple ways to nurture leads without being ‘pushy’;51;https://thenextweb.com/contributors/2019/02/12/4-simple-yet-brilliant-ways-to-nurture-leads-without-being-pushy/;GrandFaithlessness;1558878182
negative;dao87z;29% of Americans are considered 'lower class';1750;https://www.cnbc.com/2019/09/28/how-much-the-american-lower-class-earns.html;DoremusJessup;1569717225
negative;qzivgx;HSBC struggles to draw Big Four accountants to $94m-a-year audits;1;https://www.cityam.com/hsbc-struggles-to-draw-big-four-accountants-to-94m-a-year-audits/;WannoHacker;2021-11-22
negative;q3at65;U.S. Jobless Claims Pull Back More Than Expected To 326,000;1;https://www.nasdaq.com/articles/u.s.-jobless-claims-pull-back-more-than-expected-to-326000-2021-10-07;thinkB4WeSpeak;2021-10-07
negative;psp1dr;U.S. current account deficit widens to 14-year high in second quarter;1;https://www.reuters.com/article/usa-economy-curentaccount/u-s-current-account-deficit-widens-to-14-year-high-in-second-quarter-idUSKBN2GH19E;chapjolly;2021-09-21
neutral;c9l1ne;Trump picks another Fed member who believes in the gold standard. This one really means it;1043;https://www.cnn.com/2019/07/05/economy/judy-shelton-gold-standard-federal-reserve/index.html;Admiral_Red_Wings;1562359809
neutral;gdzzw0;Quantitative Easing, MMT, and Inflation/Deflation: A Primer;2;https://www.lynalden.com/quantitative-easing-mmt-inflation/;denisx;1588693084
positive;bt5t7s;Amazon facial recognition ban won just 2% of shareholder vote;101;https://finance.yahoo.com/news/amazon-facial-recognition-ban-won-005434749.html;L_Cranston_Shadow;1558861282
neutral;p8a1dt;Classic case of do as I say not as I do… “The Great Inflation Scare- Not So Fast.”;19;https://nomanslandreport.com/the-great-inflation-scare-not-so-fast/;DaBigAristotle;1629481077
negative;bkdpzg;How data drives Uber’s efficient but controversial business model. Uber has been staffing up economists;116;https://www.pbs.org/newshour/show/how-data-drives-ubers-efficient-but-controversial-business-model;DottedWarrior;1556918855
positive;q4mrf9;U.S. telecom regulator circulates Boeing satellite plan for approval;1;https://www.reuters.com/business/media-telecom/us-telecom-regulator-circulates-boeing-satellite-plan-approval-2021-10-08/;lnfinity;2021-10-09
neutral;qc7ckh;Facebook plans to change its name as part of company rebrand – report;1;https://www.theguardian.com/technology/2021/oct/20/facebook-plans-to-change-its-name-as-part-of-company-rebrand-report;IntelligentLaugh4530;2021-10-20
negative;or0vje;World’s Food Supplies Get Slammed by Drought, Floods and Frost;1;https://www.bloomberg.com/news/articles/2021-07-24/world-s-food-supplies-get-slammed-by-drought-floods-and-frost;hagy;2021-07-24
neutral;h8w3wx;Amazon's business practices examined by two U.S. states;2;https://www.reuters.com/article/us-amazon-com-investigation-california/amazons-business-practices-examined-by-two-u-s-states-idUSKBN23J2Z9;objeteh;1592149446
negative;bkn155;Pig ‘Ebola’ Virus Sends Shock Waves Through Global Food Chain;121;https://www.bloomberg.com/news/articles/2019-05-02/pig-ebola-virus-sends-shock-waves-through-global-food-chain;Hanginon;1556988171
positive;pxb7hv;Lego doubles profits as demand soars beyond Covid-19 lockdown;1;https://www.theguardian.com/lifeandstyle/2021/sep/28/lego-profits-covid-19-lockdown-christmas-stock;WannoHacker;2021-09-28
neutral;qd0cq1;Russia, China and EU are pushing towards de-dollarization: Will India follow?;1;https://moderndiplomacy.eu/2021/09/18/russia-china-and-eu-are-pushing-towards-de-dollarization-will-india-follow/;rdfporcazzo;2021-10-21
negative;cutkfn;Self-interested G7 leaders unlikely to save the world from the next economic crisis;6;https://ottawacitizen.com/news/economy/self-interested-g7-leaders-unlikely-to-save-the-world-from-the-next-economic-crisis/wcm/2e5dde6b-c2c8-4d6b-b161-3e79757028e6;Wagamaga;1566654321
negative;spjhy8;FDA committee votes against Eli Lilly cancer treatment over concerns trials conducted only in China;1;https://www.cnbc.com/2022/02/10/fda-committee-votes-against-eli-lilly-cancer-treatment-over-concerns-trials-conducted-only-in-china.html;codievincent;2022-02-10
negative;fznj71;Argentina is months or even weeks far from defaulting its debt (it would be the ninth default in its history);134;https://www.brookings.edu/blog/up-front/2020/04/03/how-to-avoid-a-new-argentina-default/;Ben_Loop00;1586655309
positive;ch4cyz;It's Just Good Business: Even Red States Are Dumping Coal for Solar;161;https://www.commondreams.org/views/2019/07/22/its-just-good-business-even-red-states-are-dumping-coal-solar;Kunphen;1563948828
neutral;cewyg3;Elizabeth Warren Is Proposing New Regulations on the Private Equity Industry;302;https://www.inc.com/associated-press/elizabeth-warren-private-equity-regulations-investment-campaign.html;wispofthought;1563477797
positive;c0me3i;Wages up 7% in Los Angeles/Orange County year over year, a real wage increase of nearly 4%;59;https://www.latimes.com/business/la-fi-inflation-california-20190613-story.html;TheHypeKiller;1560531090
negative;st6rvi;Accounting firm: Trump financial statements aren't reliable;1;https://apnews.com/article/business-new-york-donald-trump-6949c069d081f7d79a987a72cb80af34;CEOAerotyneLtd;2022-02-15
neutral;cke5jp;The Economist | Charity begins at work;12;https://www.economist.com/node/21764846?frsc=dg%7Ce;44th_King;1564605787
negative;t50ffo;After Russia invaded Ukraine, Credit Suisse asked investors to destroy documents linked to oligarch yacht loans, report says;1;https://ca.finance.yahoo.com/news/russia-invaded-ukraine-credit-suisse-125130936.html;CEOAerotyneLtd;2022-03-02
neutral;pbpawr;Why China is best positioned to help Afghanistan reconstruction - Global Times;1;https://www.globaltimes.cn/page/202108/1232490.shtml;Mexicancandi;2021-08-26
negative;pp4oce;China Evergrande bond trading suspended after downgrade;1;https://www.reuters.com/article/china-evergrande-debt-bonds-trading-idUSKBN2GC04M;_Steve_Zissou_;2021-09-16
negative;trp5ml;Federal Trade Commission accuses Intuit of deceptively advertising TurboTax as free;21;https://www.npr.org/2022/03/29/1089490958/free-turbotax-ftc-intuit;thinkB4WeSpeak;1648591566
neutral;lqaq4y;The Four Basic Truths of Macroeconomics;18;https://www.bloomberg.com/opinion/articles/2021-02-21/the-four-truths-of-macroeconomics-plus-one-debatable-point;filosoful;1614059472
negative;hvawk2;A second Great Depression? Unemployment crisis hits big cities hard;45;https://www.cnbc.com/2020/07/21/some-big-cities-are-hitting-great-depression-unemployment-levels.html;Aegidius25;1595350052
negative;qkzgny;BP posts $3.3 billion third-quarter profit, beating estimates as oil prices surge;1;https://www.cnbc.com/2021/11/02/bp-posts-3point3-billion-third-quarter-profit-beating-estimates-as-oil-prices-surge.html;WannoHacker;2021-11-02
positive;g2fxdb;Stronger action on climate change would benefit the economy, study finds;23;https://www.cbsnews.com/news/climate-change-action-economic-benefit-study-finds/;Splenda;1587047324
negative;ow7gfc;The market for antidepressants has doubled (from USD 14B to 28B);1;https://www.globenewswire.com/news-release/2020/04/21/2019282/0/en/Global-Antidepressants-Market-2020-to-2030-COVID-19-Implications-and-Growth.html;hands_can;2021-08-02
negative;c1g9au;Noam Chomsky: Trump’s “Economic Boom” Is a Sham;59;https://www.globalpolicyjournal.com/blog/03/06/2019/noam-chomsky-trumps-economic-boom-sham;RichKatz;1560726472
negative;omqyhc;Biden’s Sharp-Elbows China Policy Hints at More Trump-Style Pain;1;https://www.bloomberg.com/news/articles/2021-07-13/biden-s-sharp-elbows-china-policy-hints-at-more-trump-style-pain;NineteenEighty9;2021-07-18
neutral;pln9jq;Court issues permanent injunction in Epic v. Apple case;1;https://www.theverge.com/2021/9/10/22662320/epic-apple-ruling-injunction-judge-court-app-store;misana123;2021-09-10
neutral;cesehs;Israeli Tech Companies Raised $2.32 Billion in Q2 2019, Report Says;54;https://www.calcalistech.com/ctech/articles/0,7340,L-3766534,00.html;NewComposer;1563456032
neutral;babri7;"Why Direct Lending to Small &amp; Medium Businesses Will Exacerbate the Next Financial Crisis";7;https://bunkerbasics.com/direct-lending-financial-crisis/;BunkerBasicsBob;1554603403
negative;bb8yqh;The number of job openings fell to 7.1 million on the last business day of February (-538,000);17;https://www.bls.gov/news.release/jolts.nr0.htm;THE_FISA_MEMO;1554822088
negative;dcdx1i;India, one of the world's largest exporters of onions, has banned the export of onions due to crop damage.;2;https://www.cnbc.com/2019/10/02/india-economy-modi-government-bans-onion-exports-after-prices-soar.html;Akkeri;1570039468
neutral;lsg2wm;Coinbase’s offering docs have just dropped [S1 link in comments];198;https://www.ft.com/content/410e8cdf-8ed9-47ee-87c4-2709f077be54;dect60;1614284988
neutral;qdecv8;A Study of 2.7 Million Startups Found the Ideal Age to Start a Business (and It's Much Older Than You Think);1;https://www.inc.com/jeff-haden/a-study-of-27-million-startups-found-ideal-age-to-start-a-business-and-its-much-older-than-you-think.html?cid=sf01001;panion;2021-10-22
positive;gjnfhi;Fed chairman asks Congress to consider more stimulus;3;https://thehill.com/homenews/senate/497513-powell-high-cost-of-coronavirus-stimulus-worth-it-to-salvage-economy;happyvoice2;1589466644
neutral;pm75ua;After Bitcoin, These Alternate Cryptocurrencies May See A Surge In Future;1;https://www.myliveipl.online/2021/09/after-bitcoin-these-alternate.html;sksking;2021-09-11
negative;b14yo3;Don’t let ‘blockbuster’ job numbers fool you, Canada is one rung away from recession;11;https://windsorstar.com/investing/david-rosenberg-dont-let-blockbuster-job-numbers-fool-you-canada-is-one-rung-away-from-recession/wcm/a3cbeb9e-adab-4f25-a44e-a3b96c04658e;TheCrunk1;1552593472
neutral;pd86jv;Halting east Asia’s education arms race could help birth rates;1;https://www.ft.com/content/d38a9fea-d587-42d6-b62d-089087011796;TheInquisitiveRabbit;2021-08-28
negative;q46z2g;How economists helped Big Oil obstruct climate action for decades;1;https://grist.org/accountability/economists-role-in-big-oil-pr-machine/;eurotouringautos;2021-10-08
neutral;cfx11n;Demand for Cryptocurrency Explodes in Zimbabwe After Foreign Currency Ban;46;"https://beincrypto.com/demand-for-cryptocurrency-explodes-in-zimbabwe-after-foreign-currency-ban/?utm_source=reddit&amp;utm_medium=social&amp;utm_campaign=Zimbabwe&amp;utm_content=JL";bumgumhumdum;1563699025
neutral;c3tvgp;Slack shows up for work and rallies in Wall Street debut;47;https://www.apnews.com/697c1edb20234fee836ba7c9d311e2aa;ChickenTeriyakiBoy1;1561232489
neutral;q8pp0d;The Workers Won’t Be Coming Back, Covid or Not. Here Are Theories on Where They Went.;1;https://finance.yahoo.com/m/55d0b81c-b057-3025-8582-43a05457511d/the-workers-won%e2%80%99t-be-coming.html;rebeccajames47;2021-10-15
negative;bms1hx;Many Hospitals Charge Double or Even Triple What Medicare Would Pay;72;"https://www.nytimes.com/2019/05/09/health/hospitals-prices-medicare.html?action=click&amp;module=Top%20Stories&amp;pgtype=Homepage";johnniewelker;1557450916
negative;pu71up;Nike warns on holiday delays, cuts full-year sales estimate;1;https://www.reuters.com/article/nike-results/nike-warns-on-holiday-delays-cuts-full-year-sales-estimate-idUSKBN2GJ1UH;BitterSwEEt_nothing;2021-09-23
positive;te0rpa;Democrats Propose Tax on Large Oil Companies’ Profits;1;https://www.wsj.com/livecoverage/russia-ukraine-latest-news-2022-03-11/card/democrats-propose-tax-on-large-oil-companies-profits-LGIlAAwuIUF2onWRFZZ1;yoyoitsthefed;2022-03-14
neutral;othlbc;$ 56 billion in profits generated by Apple, Microsoft, and Google in the last quarter;1;https://intechitec.com/?p=295;That_Teach_9224;2021-07-28
neutral;q4hbve;Dutch regulators find Apple's payment rules for App Store are anti-competitive;1;https://www.gsmarena.com/dutch_regulators_find_apples_payment_rules_for_app_store_are_anticompetitive-news-51329.php;WannoHacker;2021-10-09
neutral;p3dpi8;Census: Rural America shrinks as people flock to big cities;1;https://thehill.com/homenews/state-watch/567613-census-rural-america-shrinks-as-people-flock-to-big-cities;nationalistsareRINOs;2021-08-13
negative;pkha41;Digital Currencies Pave Way for Deeply Negative Interest Rates - WSJ;1;https://www.wsj.com/articles/digital-currencies-pave-way-for-deeply-negative-interest-rates-11631091581?mod=e2fb;Demobeast;2021-09-08
negative;d1jedf;Hong Kong Expats Eye Exit as Protests Threaten ‘World City’;18;"https://www.bloomberg.com/amp/news/articles/2019-09-08/hong-kong-expats-eye-exit-as-protests-threaten-world-city#referrer=https%3A%2F%2Fwww.google.com&amp;amp_tf=From%20%251%24s";dtlv5813;1567988916
negative;dbew5z;Red and Blue Voters Live in Different Economies: And they are headed in different directions — with serious consequences for the president and his political opponents.;98;"https://www.nytimes.com/2019/09/25/opinion/trump-economy.html?te=1&amp;nl=the-upshot&amp;emc=edit_up_20190930?campaign_id=29&amp;instance_id=12739&amp;segment_id=17460&amp;user_id=b6e55f6f6979146395b2946f4fb0e01e&amp;regi_id=68337520";Fuzier;1569864101
neutral;cbrvs4;Goldman Sachs Developing its Own Cryptocurrency?;66;https://www.toks.tech/goldman-sachs-developing-its-own-cryptocurrency/;cryptokunbo;1562823585
negative;bvoeas;Donald Trump’s war on cars is pushing the US closer to a recession;36;https://www.theverge.com/2019/6/1/18647215/donald-trump-mexico-tariffs-cars-recession-jobs;dopdecada;1559416600
neutral;px2sge;"Steve Ballmer's LA Clippers sing $300m ""Intuit Dome"" arena sponsorship deal with Aspiration";1;https://www.cnbc.com/2021/09/27/la-clippers-aspiration-sign-300-million-plus-arena-sponsor-deal.html;loweblowe;2021-09-28
negative;trriqk;Real-Time Market Monitoring Finds Signs of Brewing U.S. Housing Bubble;25;"https://www.dallasfed.org/research/economics/2022/0329?utm_source=cvent&amp;utm_medium=email&amp;utm_campaign=dfe";MilkDrunkAmerican;1648593048
neutral;sq5r7d;Expedia CEO says the metaverse doesn’t pose a threat to what he calls ‘real-verse’ travel;1;https://www.cnbc.com/2022/02/11/expedia-ceo-peter-kern-says-metaverse-doesnt-pose-a-threat-to-real-verse-travel.html;codievincent;2022-02-11
negative;qe973f;Bloomberg: Bidenomics Risks Inflation Push With Spend-Now, Pay-Later Draft;1;https://www.bloomberg.com/news/articles/2021-10-22/bidenomics-risks-inflation-push-with-spend-now-pay-later-draft;tigeryi;2021-10-23
neutral;qgb2n5;If This is a Wage-Price Spiral, Why Are Profits Soaring?;1;"https://cepr.net/if-this-is-a-wage-price-spiral-why-are-profits-soaring/?emci=73d8ae33-b335-ec11-9820-c896653b26c8&amp;emdi=588877f5-b335-ec11-9820-c896653b26c8&amp;ceid=8165082";saparips;2021-10-26
negative;qguot1;Fed faces showdown as supply, demand and 'patience' collide;1;https://www.reuters.com/business/fed-faces-showdown-supply-demand-patience-collide-2021-10-27/;chapjolly;2021-10-27
negative;eva36l;The SEC was irrelevant long before they were ‘tipped off’ by a mutual fund analyst about the 65 billion Madoff ponzi scheme YEARS before he was caught. Currently, financial regulators FINRA and the SEC are the most toxic and corrupt financial market entities;2;https://www.npr.org/templates/story/story.php?storyId=124208012;uppitymexican;1580239246
negative;kws1yh;California exodus intensifies as retirees, teachers, musicians seek cheaper, less-crowded pastures;2;https://news.yahoo.com/california-exodus-retirees-musicians-teachers-140059951.html;MustacheBattle;1610578122
negative;lq9oeh;Michael Burry: Bitcoin Will Be Destroyed, Inflation Breaks Out, Countries Need To Maintain Their Currencies;20;https://www.globaltrends.us/2021/02/michael-burry-bitcoin-will-be-destroyed.html;gab_okenwa;1614056102
negative;sn2ku1;Despite red-hot labor demand, a majority of the roughly 2.5 million Americans who dropped out of the labor force during the pandemic and still aren't looking for jobs won't return to work this year, according to economists at Goldman Sachs.;1;https://www.forbes.com/sites/jonathanponciano/2022/02/07/america-is-still-missing-25-million-workers-most-wont-return-to-work-this-year;bllshrfv;2022-02-07
negative;px9xz3;Sen. Warren calls Fed Chair Powell a ‘dangerous man,’ says she will oppose his renomination;1;https://www.cnbc.com/2021/09/28/sen-warren-calls-fed-chair-powell-a-dangerous-man-says-she-will-oppose-his-renomination.html;Uptons_BJs;2021-09-28
negative;hx1l8g;Generational Wealth Inequality;30;https://awealthofcommonsense.com/2020/07/generational-wealth-inequality/;speckz;1595596541
negative;per5je;How should we think about talk of an impending US inflationary spiral?;1;https://mainlymacro.blogspot.com/2021/06/how-should-we-think-about-talk-of.html;psychothumbs;2021-08-30
positive;dm1cma;Spirit Airlines close to agreeing major Airbus order: sources;9;https://www.reuters.com/article/us-spirit-airlines-aircraft-idUSKBN1X21XE;ThinkLongterm;1571846442
neutral;qrf3wo;Economic Pessimism Makes Sense Right Now;1;https://www.bloomberg.com/opinion/articles/2021-11-10/pessimism-about-the-u-s-economy-comes-from-unhappy-consumers;iaxeuanswerme;2021-11-11
neutral;cueaq7;Powell: No 'rulebook' on trade, pledges the Fed will 'act as appropriate' to sustain the economy;140;https://www.cnbc.com/2019/08/23/powell-jackson-hole-speech.html;pipsdontsqueak;1566568870
positive;dd7ufo;US unemployment reaches lowest since 1969 despite slowing job growth;35;https://www.foxbusiness.com/markets/us-job-growth-slows-in-september-as-unemployment-falls-to-lowest-since-1969;343Politics;1570198068
neutral;pbemgk;SEC chief warns ‘clock is ticking’ on delisting chinese stocks;1;https://www.bnnbloomberg.ca/sec-chief-warns-clock-is-ticking-on-delisting-chinese-stocks-1.1643898.amp.html;Curiosity4Today;2021-08-25
negative;dsgm0a;US productivity drops by most since the fourth quarter of 2015;1654;https://www.cnbc.com/2019/11/06/us-industrial-productivity-labor-costs-q3-2019.html;protekt0r;1573048465
negative;p0p4gd;The Fed’s ultraloose monetary policy could hurt both the economy and Biden’s agenda;1;https://www.washingtonpost.com/opinions/2021/08/06/feds-ultraloose-monetary-policy-could-hurt-both-economy-bidens-agenda/;ThomasSnout;2021-08-08
positive;cpl06e;"One of the world’s largest banks thinks the writing is on the wall for the oil industry: ""We think the economics of renewables are impossible for oil to compete with.""";59;https://thinkprogress.org/oil-faces-irreversible-decline-thanks-to-electric-cars-and-solar-warns-worlds-8th-largest-bank-d128101ef4a8/;Kunphen;1565655013
negative;bm5hit;The Mighty U.S. Consumer Is Struggling;9;https://www.bloomberg.com/opinion/articles/2019-05-08/the-mighty-u-s-consumer-is-struggling?srnd=premium;Avatar_of_me;1557323290
neutral;cjvgpw;Trump’s Bid to Dismantle Global Trading System Poised for a Win;10;https://www.bloomberg.com/news/articles/2019-07-30/trump-s-bid-to-dismantle-global-trading-system-poised-for-a-win;Bemuzed;1564509481
positive;qlzfmt;BMW profits rise to €3.4bn as focus turns to more expensive cars;1;https://www.theguardian.com/business/2021/nov/03/bmw-profits-rise-focus-turns-to-more-expensive-cars;WannoHacker;2021-11-03
negative;hu1aps;Economy Is Going to Hit an Iceberg in 10 Days;105;"https://slate.com/business/2020/07/600-dollar-benefits-going-away.html?sid=5893ee891e56037d1f8b463a&amp;utm_medium=email&amp;utm_source=newsletter&amp;utm_content=TheSlatest&amp;utm_campaign=traffic";dcjogger;1595168690
neutral;cfytay;Since 1989, there have been 15 times when the stock market rallied when earnings expectations declined;222;https://www.transparenttraders.me/2019/07/since-1989-there-have-been-15-times.html;Transparent_Traders;1563714512
negative;okndk9;Trillions of dollars spent on Covid recovery in ways that harm environment;1;https://www.theguardian.com/business/2021/jul/15/trillions-of-dollars-spent-on-covid-recovery-in-ways-that-harm-environment;altbekannt;2021-07-15
neutral;pslf3g;The Macroeconomic Effects of the August 2021 Senate Budget Reconciliation Package — Penn Wharton Budget Model;1;https://budgetmodel.wharton.upenn.edu/issues/2021/9/9/reconciliation-macro-effects;Dumbass1171;2021-09-21
neutral;b3k8lg;The New GOP Answer to Climate Change: It Exists But Just Rely on 'Innovation'and Nuclear To Save the Day;2;https://www.thebipartisanpress.com/politics/the-new-gop-answer-to-climate-change-it-exists-but-just-rely-on-innovation-nuclear-to-save-the-day/;DCGirl20874;1553130604
negative;cpn8dt;The 30-year Treasury bond yield is on the brink of falling to an all-time low;22;"https://www.marketwatch.com/story/the-30-year-treasury-bond-yield-is-on-the-brink-of-falling-to-an-all-time-low-2019-08-12?mod=mw_latestnews&amp;mod=mw_theo_homepage&amp;mod=mw_theo_homepage";DoremusJessup;1565665935
neutral;pddrpg;Why Is the Gates Foundation Funding the UK’s Medicines Regulator?;1;https://www.nakedcapitalism.com/2021/08/why-is-the-gates-foundation-funding-the-uks-medicines-regulator.html;muff_marauder;2021-08-28
negative;az658w;If Lyft can’t keep its drivers as independent contractors, it may never be profitable;523;https://www.latimes.com/business/technology/la-fi-tn-lyft-ipo-drivers-20190309-story.html;ilamont;1552154463
neutral;p0b7xs;Fed Vice Chair Clarida anticipates rate hikes starting in 2023, sees upside risks to inflation;1;https://www.cnbc.com/2021/08/04/fed-vice-chair-clarida-anticipates-rate-hikes-starting-in-2023.html;JustARandomPerson902;2021-08-08
neutral;czn89b;Circular Economy: The Concept and its Limitations (Korhonen et al.);4;https://www.sciencedirect.com/science/article/pii/S0921800916300325;NotBigOil;1567614796
positive;qoh2yj;Democrats Choosing Less Risky Path on Drug Prices;1;https://www.nytimes.com/2021/11/06/upshot/democrats-drug-prices.html;JustARandomPerson902;2021-11-07
negative;gela4t;Yelp is Screwing Over Restaurants By Quietly - Replacing Their Phone Numbers: The phone numbers add tracking before connecting to a restaurant so that Grubhub can bill for a marketing fee.;4;https://www.vice.com/en_us/article/wjwebw/yelp-is-sneakily-replacing-restaurants-phone-numbers-so-grubhub-can-take-a-cut;lughnasadh;1588776163
neutral;g0n9h0;What if jobs are not the solution but the problem? – James Livingston | Aeon Essays;5;https://aeon.co/essays/what-if-jobs-are-not-the-solution-but-the-problem?repost;Aristarchus_ofSamos;1586798316
negative;dfcc4t;Cancel Billionaires - Wealth Inequality Hurts Society;5;https://www.theatlantic.com/ideas/archive/2019/10/cancel-billionaires/599587/?utm_source=digg;lingben;1570597667
negative;c818fl;It's Official: The Yield Curve is Triggered. Does a Recession Loom on the Horizon?;1014;https://today.duke.edu/2019/07/its-official-yield-curve-triggered-does-recession-loom-horizon;DX_Legend;1562020725
neutral;cfme7r;BOJ's Kuroda says he disagrees with modern monetary theory | Article;5;https://mobile.reuters.com/article/amp/idUSKCN1UE2O1;nclh77;1563632907
neutral;astf08;Fed Minutes Show Officials Unsure on Need for Rate Hikes in 2019;5;https://www.bloomberg.com/news/articles/2019-02-20/fed-minutes-show-officials-unsure-on-need-for-rate-hikes-in-2019;Admiral_Red_Wings;1550695178
negative;bky67v;Commentary: The Real Reason for Income Inequality? The Fed;3;"http://fortune.com/2019/05/02/fed-interest-rates-income-inequality/?utm_source=twitter.com&amp;utm_medium=social&amp;utm_campaign=social-share-article";xcsler_returns;1557065731
negative;q2k6pd;UK industry could face shutdowns as wholesale gas price hits record high;9;https://www.theguardian.com/business/2021/oct/06/uk-industry-could-face-shutdowns-as-wholesale-gas-price-hits-record-high;WannoHacker;1633525955
neutral;qro7wc;Evergrande averts default as it pays overdue interest but faces deadline on another US$366 million before year-end;1;https://www.scmp.com/business/banking-finance/article/3155642/no-respite-evergrande-it-faces-us366-million-interest;Czarben;2021-11-11
positive;pwra8n;Facebook is ‘pausing’ work on Instagram Kids app amid growing scrutiny;1;https://www.engadget.com/facebook-is-pausing-work-on-instagram-kids-app-124639135.html;play_some_words_bro;2021-09-27
negative;p2vz4g;Crippling lockdown costs Australian economy $1b a week - NZ Herald;1;https://www.nzherald.co.nz/business/crippling-lockdown-costs-australian-economy-1b-a-week/2P4Q6MVI4MCVU4XFQ3QVRQXGBU/;KingSlayer94;2021-08-12
neutral;are4gm;Penguin books executive admitted that the e-books hype may have driven unwise investment, with the company losing too much confidence in “the power of the word on the page.”;18;https://ponderwall.com/index.php/2019/02/16/books-cannot-kill-print-books/;edsonarantes2;1550357706
negative;qyk0sr;Surging shipping costs will drive up prices for some consumer products by 10%, new UN report finds.;1;https://www.cnbc.com/2021/11/19/surging-shipping-costs-to-drive-consumer-price-inflation-unctad-says.html;merkberk33;2021-11-21
negative;cojanf;Workplace Raids Increase Under Trump Administration, Few Companies Prosecuted;186;https://www.washingtonpost.com/business/2019/08/09/workplace-raids-multiply-trump-administration-charges-few-companies/;janzzz;1565450291
negative;lqhb4w;Inflation Jumps in Canada After Statistics Agency Backtracks;21;https://www.bloomberg.com/news/articles/2021-02-22/canada-hastily-revises-core-inflation-on-methodology-concerns;suckfail;1614083354
neutral;drlf4l;JPMorgan pours $130bn of excess cash into bonds in major shift;3;https://www.ft.com/content/cb88f676-f9a9-11e9-a354-36acbbb0d9b6;PLanPLan;1572890616
negative;axkbku;Trump's Trade War Cost U.S. More Than $3 Billion A Month, Economists Say;55;https://www.huffpost.com/entry/trump_n_5c7e0a6ee4b069b2129f1844;Face2FaceRecs;1551786767
neutral;d87xjg;Cluster of hedge funds set to profit from Thomas Cook failure;10;"https://www.reuters.com/article/us-thomas-cook-grp-investment-hedge-fund/cluster-of-hedge-funds-set-to-profit-from-thomas-cook-failure-idUSKBN1W81M4?feedType=RSS&amp;feedName=topNews&amp;utm_source=feedburner&amp;utm_medium=feed&amp;utm_campaign=Feed%3A+reuters%2FtopNews+%28News+%2F+US+%2F+Top+News%29";discocrisco;1569251926
negative;c8ltf5;UK economy 'shrank in last quarter' as Brexit fears hit companies;22;https://www.theguardian.com/business/live/2019/jul/03/eurozone-bond-christine-lagarde-ecb-services-business-live;Wagamaga;1562144690
negative;cbg3vs;Trump has reportedly tasked aides to find a way to weaken the US dollar;662;https://www.cnbc.com/2019/07/10/trump-has-reportedly-tasked-aides-to-find-a-way-to-weaken-the-us-dollar.html;justinmillerco;1562761740
negative;co51nl;Trump suggests September trade talks with China may not take place;43;https://www.politico.com/story/2019/08/09/trump-suggests-september-trade-talks-with-china-may-not-take-place-3712145;Admiral_Red_Wings;1565369389
negative;p3n810;Is the world's largest issuer of green bonds misleading investors?;1;https://grist.org/accountability/fannie-mae-green-bond-building-program/;ChrissyKin_93;2021-08-13
neutral;dcpg70;Libra Update: What’s Happening with Facebook’s Cryptocurrency?;2;https://blogs.airdropalert.com/libra-update-whats-happening-with-facebooks-cryptocurrency/;Feanuruz;1570101510
neutral;pqksba;China applies to join key Asia-Pacific trade pact;1;https://www.bbc.com/news/business-58579832;Lestrade1;2021-09-18
neutral;la95pn;Wall Street may profit from Gamestop saga, depends on your definition of Wall Street;64;https://www.wsj.com/articles/gamestop-frenzy-may-not-so-bad-for-wall-street-11612193149;Kookaburrrra;1612201602
neutral;ooff32;US Inflation: not entirely benign;1;https://www.uk.daiwacm.com/media/226484/19jul21uswkly.pdf;Unl0ck3r;2021-07-21
positive;t5cmnt;Ruble in trouble: Russian currency plummets amid Ukraine war sanctions;1;https://globalnews.ca/news/8650136/russia-ukraine-ruble-value-drop-sanctions/;RichKatz;2022-03-02
negative;cswgpf;Here’s how much the global economy stands to lose — even more for the U.S. — if the Paris climate pact is ignored: ‘Business-as-usual’ emissions skate will cost the U.S. 10.5% of its per-capita GDP by the end of the century, researchers find;1068;https://www.marketwatch.com/story/heres-how-much-the-global-economy-stands-to-lose-even-more-for-the-us-if-the-paris-climate-pact-is-ignored-2019-08-19;viva_la_vinyl;1566297520
positive;bhh1nf;Despite Trump’s tariff and border threats, Mexico is now the largest U.S. trading partner;8;https://www.washingtonpost.com/world/the_americas/mexico-is-now-the-largest-us-trading-partner--despite-trumps-tariff-and-border-threats/2019/04/25/b0849daa-6767-11e9-a698-2a8f808c9cfb_story.html;viva_la_vinyl;1556245066
positive;p5k58y;Biden administration announces the biggest increase to food stamps ever;1;https://www.cnbc.com/2021/08/16/biden-administration-announces-biggest-increase-to-food-stamps-ever.html;muhimalife;2021-08-16
negative;q943al;China Orders Five Airlines to Halt Some Flights on Virus Cases - BNN Bloomberg;1;https://www.bnnbloomberg.ca/china-orders-five-airlines-to-halt-some-flights-on-virus-cases-1.1667098;tardaneter;2021-10-16
negative;t7l1ez;Shell Buys Russian Oil at Bargain Price. Western countries would blink first, I had always said sanctions won’t even last a week;1;https://www.wsj.com/livecoverage/russia-ukraine-latest-news-2022-03-04/card/shell-buys-russian-oil-at-bargain-price-2ZljvO2HQlmPm5d5aAgG;MicroSofty88;2022-03-05
negative;df3j8t;The father of the yield curve indicator says now is the time to prepare for a recession;41;https://www.cnbc.com/2019/10/08/inverted-yield-curve-guru-campbell-harvey-prepare-for-recession.html;rezamwehttam;1570557062
positive;pl2osr;Costa Coffee gives staff 5% pay rise as it looks to recruit 2,000 workers;1;https://www.theguardian.com/business/2021/sep/09/costa-coffee-gives-staff-5-pay-rise-as-it-looks-to-recruit-2000-workers;WannoHacker;2021-09-09
negative;pyx4av;Brokerages failed to pay nearly 30% of dispute awards with investors last year, watchdog says;1;https://www.cnbc.com/2021/09/30/brokerages-didnt-pay-nearly-30percent-of-investor-dispute-awards-last-year.html;BikkaZz;2021-10-01
negative;t92vrj;Wheat prices hit 14-year highs after Russian invasion of Ukraine | CBC News;1;https://www.cbc.ca/news/business/russia-ukraine-invasion-impact-wheat-prices-1.6373522;DrJGH;2022-03-07
negative;c5d7cw;CBO forecasts unprecedented debt levels as America ages;11;https://wetradehq.com/blog/CBO-forecasts-unprecedented-debt-levels-as-America-ages;st4yd0wn;1561488530
neutral;as3cyv;How Many Productive Hours in a Work Day? Just 2 Hours, 23 Minutes...;1436;https://www.vouchercloud.com/resources/office-worker-productivity;buttrimming;1550531208
negative;bncx4w;U.S.-China trade war to push companies to Taiwan: think tank;8;http://www.focustaiwan.tw/news/aeco/201905110013.aspx;yungbriggs;1557586576
neutral;o00ze8;Jamie Dimon says JPMorgan is sitting on about $500 billion in cash, waiting to invest in higher rates;304;https://www.marketwatch.com/story/dimon-jpmorgan-is-sitting-on-about-500-million-in-cash-waiting-to-invest-in-higher-rates-11623700397;IntelligentLaugh4530;1623716192
negative;coi2mq;Oil demand growth almost halves amid fears of economic slowdown;19;https://www.theguardian.com/business/2019/aug/09/oil-demand-growth-almost-halves-amid-fears-of-economic-slowdown;thatsocrates;1565443918
neutral;as1vex;Seven Waves of Code. Towards A Universal Economic Theorem;3;http://www.sciencespotter.com/spottingscience/2019/2/1/seven-waves-of-code-towards-a-universal-economic-theorem;luckynumberseven7777;1550522925
negative;cc8hyl;US budget deficit jumps 23.1% over last year as debt crisis looms;3143;https://edition.cnn.com/2019/07/11/politics/treasury-us-budget-deficit-widens/index.html;gamung;1562922773
neutral;jw304r;It's time for a debt jubilee - richard vague;5;https://www.ineteconomics.org/perspectives/blog/its-time-for-a-debt-jubilee;fremeer;1605651727
negative;c3i28c;Corn `Train Wreck' Worse Than Forecast, U.S. Farmers Warn;941;https://www.bloomberg.com/news/articles/2019-06-14/corn-train-wreck-may-be-worse-than-forecast-u-s-farmers-warn;WarOfNoise;1561159191
neutral;cvuig3;Another WeWork rival lures cash from investors that include Brookfield, CPPIB;37;https://ottawacitizen.com/real-estate/property-post/another-wework-rival-lures-cash-from-investors-that-include-brookfield-cppib/wcm/985c5f06-628e-4379-8029-6cf2911f583d;lingben;1566855257
neutral;ctxnmw;‘We will continue to represent men at their best’: Gillette’s backflip after ‘toxic masculinity’ backlash;12;https://www.news.com.au/finance/business/media/we-will-continue-to-represent-men-at-their-best-gillettes-backflip-after-toxic-masculinity-backlash/news-story/8ae70a5abc31280fc23711dcf7c30e5e?fbclid=IwAR2bbr6qX2ffudJovJCHWQlY_PeBmlK_SWL4kBdUNtdxQ40q-6tIB8GvnSg;Ebadd;1566481503
positive;cbws6j;Walmart Got a $10 Billion Surprise After Buying Flipkart;273;https://www.bloomberg.com/news/articles/2019-07-09/walmart-payment-unit-is-raising-funds-at-up-to-10-billion-value;mynameis_neo;1562858207
neutral;h15esw;"Is There Really A ""Looming Bank Collapse?""";11;https://nathantankus.substack.com/p/is-there-really-a-looming-bank-collapse;Beren-;1591901510
neutral;pux62g;Freedom Index. The idea seems interesting, that money tends to flow toward regions with increased economic/personal freedom. What are your opinions regarding this index?;1;https://www.lifeandlibertyindexes.com/freedom-100-emerging-markets-index;bastion_12x;2021-09-25
negative;b9qyyi;Climate change is costing the Air Force billions;2;https://thinkprogress.org/climate-change-is-costing-the-air-force-billions-6059ea179316/;Wagamaga;1554469537
neutral;d0085z;The Fed will cut rates by a quarter point this month, not a half point, WSJ says;24;https://www.cnbc.com/2019/09/05/the-fed-will-cut-rates-by-a-quarter-point-this-month.html;brownribbon;1567686928
positive;cwp7t4;Autoworkers vote overwhelmingly for strike at Ford, GM, and Chrysler plants.;28;https://www.wsws.org/en/articles/2019/08/28/auto-a28.html;kaffmoo;1567019006
neutral;r9xznn;"United States: According to White House insiders ""the US dollar could eventually be replaced by a bonk crypto currency""";1;https://www.express.co.uk/finance/city/1520609/shiba-inu-price-latest-crypto-news-shib-army-dogebonk-bitcoin-ethereum?utm_source=dogebonk.com;stpmarco;2021-12-06
negative;stxe2l;The average size of a new mortgage just set a record, as home prices continue to climb;1;https://www.cnbc.com/2022/02/16/the-average-size-of-a-new-mortgage-just-set-a-record.html;DrCalFun;2022-02-16
negative;sopi79;Peloton CEO Barry McCarthy's first all-hands meeting cut short after laid-off employees crash it;1;https://www.cnbc.com/2022/02/09/peloton-ceos-first-all-hands-meeting-cut-short-as-ex-staff-crash-it.html;codievincent;2022-02-09
negative;fxmgwh;Abhijit Banerjee offers ‘print money’ pill (India);3;https://www.telegraphindia.com/business/abhijit-banerjee-offers-print-money-pill/cid/1763262;Demobeast;1586409576
negative;bs1sgr;40 million Americans struggle to put food on the table;4;https://www.cbsnews.com/news/food-insecurity-americans-still-go-hungry-after-a-decade-of-recovery/;Stormtrooper4u;1558611037
neutral;qw10tp;Quantum computing for the very curious;1;https://quantum.country/qcvc;investorinvestor;2021-11-17
positive;o2w2gu;McDonald's CEO: '$7.25 in this day and age is not what you should be paying';258;https://www.restaurantdive.com/news/mcdonalds-ceo-725-in-this-day-and-age-is-not-what-you-should-be-paying/601967/;BlankVerse;1624039081
positive;ejrs0s;Denser Housing Is Gaining Traction on America’s East Coast | Maryland joins Virginia with a new proposal to tackle the affordable housing crisis. And it’s sweeping in its ambition.;30;https://www.citylab.com/equity/2020/01/maryland-upzoning-bill-density-affordable-housing-zoning/604288/;urbanrenaissance;1578112668
positive;bj7iha;Schumer, Pelosi agree to pursue $2 trillion infrastructure deal with Trump;24;https://www.nbcnews.com/politics/congress/schumer-pelosi-strike-deal-trump-move-forward-infrastructure-n1000171;THE_FISA_MEMO;1556652790
negative;r8dq4o;Nasdaq dives over 2% as tech stocks slide at end of volatile week;1;https://www.reuters.com/markets/europe/futures-edge-lower-ahead-payrolls-report-2021-12-03/;Renxer0002;2021-12-04
neutral;qoh3qe;How might climate change affect European gastronomy?;1;https://www.economist.com/europe/2021/11/06/how-might-climate-change-affect-european-gastronomy;JustARandomPerson902;2021-11-07
negative;ra23rf;Dollar Tree is raising its prices for good | New Pittsburgh Courier;1;https://newpittsburghcourier.com/2021/12/03/dollar-tree-is-raising-its-prices-for-good/;Techlogic_Techniques;2021-12-06
neutral;mk4p82;“A Lesson on Elementary Worldly Wisdom As It Relates To Investment Management and Business” by Charles Munger;4;https://www.safalniveshak.com/wp-content/uploads/2012/08/Lesson-on-Elementary-Worldly-Wisdom-Charlie-Munger.pdf;bjguuc;1617569804
neutral;bjcnl8;China’s “belt and road” Initiative Becoming a Vehicle for Influence;29;http://cryptowall.press/chinas-belt-and-road-initiative-becoming-a-vehicle;l0ser140;1556681529
neutral;av3uoc;"Federal appeals court clears way for AT&amp;T's takeover of Time Warner.";234;https://www.nbcnews.com/business/business-news/federal-appeals-court-clears-way-t-s-takeover-time-warner-n976186;a10kendall;1551211427
negative;prk09a;The Global Housing Market Is Broken, and It’s Dividing Entire Countries - The dream of owning a home is increasingly out of reach. Democratic and authoritarian governments alike are struggling with the consequences.;1;https://www.bloomberg.com/news/features/2021-09-19/global-housing-markets-are-hurting-and-it-s-getting-political;_hiddenscout;2021-09-20
neutral;pqhdmr;The Mogul in Search of a Kinder, Gentler Capitalism. Lynn Forester de Rothschild, founder of the Coalition for Inclusive Capitalism, believes change will come when hedge fund billionaires and Pope Francis work together.;1;https://www.nytimes.com/2021/05/15/business/lynn-forester-de-rothschild-corner-office.html;LisaMck041;2021-09-18
negative;lwx6yq;China is sounding the alarm about a global market bubble;799;https://edition.cnn.com/2021/03/02/investing/china-banking-financial-bubble-intl-hnk/index.html;Mighty_L_LORT;1614787115
neutral;dh4w2u;VW Group Reportedly Interested In Selling Lamborghini;83;https://www.motor1.com/news/376050/vw-interested-selling-lamborghini/;cjdrive;1570934758
neutral;azuw5d;Trump Proposes a Record $4.75 Trillion Budget;69;https://www.nytimes.com/2019/03/11/us/politics/trump-budget-border-wall.html;jq1984_is_me;1552318942
neutral;ddmuq0;New York Fed extends market intervention into November;333;https://www.ft.com/content/bd8e11b4-e6d5-11e9-b112-9624ec9edc59;InvisibleTextArea;1570279831
neutral;r3uc8h;Interesting history lesson;1;https://finance.yahoo.com/news/dow-suffers-worst-black-friday-selloff-since-1931-211406350.html;84074;2021-11-28
